Model,MAE,RMSE,MAPE,R2
GRU_Adam,29.516067,74.112252,21.629699,0.287449
GRU_RMSprop,31.301103,73.171421,25.412377,0.305425
