Model,MAE,RMSE,MAPE,R2
GRU_dropout0.0,29.384762,69.178475,24.151937,0.379162
GRU_dropout0.2,46.48824,94.975694,34.692133,-0.170202
GRU_dropout0.3,29.887762,72.623805,23.611039,0.315783
GRU_dropout0.5,37.027443,88.064283,24.205296,-0.006087
