Model,MAE,RMSE,MAPE,R2
GRU_window6,34.771951,81.156918,24.412205,0.161964
GRU_window12,29.41159,72.90302,22.135362,0.310511
GRU_window24,30.673887,72.233429,25.271388,0.324188
