Model,MAE,RMSE,MAPE,R2
XGBoost,19.2865354070943,48.7989044873842,15.277148960197916,0.6968026676410302
Random Forest,21.46739272912293,52.669068063774056,16.502867055009006,0.6468034124291573
Naive,26.24681933842239,65.74702849350068,21.89890077398893,0.4496265321032758
LSTM,28.281775057956686,68.64207773200053,22.916918687317324,0.3887528671367728
CNN-GRU,31.489904228807607,73.43091155004868,25.237912780090515,0.30049015297005766
GRU,32.139879650494045,82.19749544626467,25.67630114485857,0.1234974918623698
Linear Regression,39.00447999527235,131.8755549815549,26.40359190043992,-1.2142865992423224
