Model,MAE,RMSE,MAPE,R2
Naive,26.24681933842239,65.74702849350068,21.898900773988935,0.44962653210327586
Linear Regression,39.00447999527235,131.8755549815549,26.403591900439917,-1.2142865992423224
Random Forest,21.46739272912293,52.669068063774056,16.502867055009006,0.6468034124291573
XGBoost,19.2865354070943,48.7989044873842,15.277148960197916,0.6968026676410302
