Model,MAE,RMSE,MAPE,R2
LSTM,28.281775057956686,68.64207773200053,22.916918687317324,0.3887528671367728
GRU,32.139879650494045,82.19749544626467,25.67630114485857,0.1234974918623698
CNN-GRU,31.489904228807607,73.43091155004868,25.237912780090515,0.30049015297005766
