Model,MAE,RMSE,MAPE,R2
XGBoost (before),19.2865354070943,48.7989044873842,15.277148960197916,0.6968026676410302
XGBoost_Tuned,17.914650167493416,44.86144363123109,14.611852494575903,0.7437571706446189
LSTM (before),28.281775057956686,68.64207773200053,22.916918687317324,0.3887528671367728
LSTM_Tuned,29.266150190143673,67.0165640125755,24.24239316667829,0.41735998447550193
